id_enquete,id,sexe
1,lpucmWo=,Femme
2,lpucmWw=,Homme
3,lpucmmU=,Femme
4,mZmc,Homme
5,lpucmmw=,Homme
6,lpucm2k=,Femme
7,lpucm2w=,Homme
8,lpucnGU=,Femme
9,lpucnGQ=,Femme
10,lpucnGg=,Femme
11,lpucnGk=,Homme
12,lpucnGY=,Femme
13,lpucnGo=,Femme
14,lpucnGs=,Femme
15,lpucmWk=,Femme
16,lpucnG0=,Femme
17,lpudk2Q=,Femme
18,lpudk2U=,Homme
19,lpudk2g=,Femme
20,lpudk2k=,Femme
21,lpudk2s=,Femme
22,lpudlGY=,Femme
23,lpudlGQ=,Homme
24,lpudlGc=,Inconnu
25,lpudlGk=,Femme
26,lpucmGc=,Femme
27,lpudlGo=,Homme
28,lpudlG0=,Homme
29,lpudlGs=,Femme
30,lpudlWU=,Femme
31,lpudlWc=,Femme
32,lpudk2c=,Femme
33,lpudlWo=,Homme
34,lpudlmU=,Homme
35,lpudlmQ=,Femme
36,lpudlmg=,Femme
37,lpudlmo=,Homme
38,lpudlm0=,Femme
39,lpudl2g=,Femme
40,lpudlmc=,Inconnu
41,lpudl2o=,Femme
42,lpudl2s=,Femme
43,lpudl2w=,Femme
44,lpudmGU=,Femme
45,lpudmGs=,Femme
46,lpudmWc=,Femme
47,lpudmWg=,Femme
48,lpudmWs=,Femme
49,lpudmmQ=,Femme
50,lpudlWs=,Homme
51,lpudmmc=,Femme
52,lpudmmY=,Inconnu
53,lpudmmk=,Femme
54,lpudmmo=,Femme
55,lpudmmw=,Femme
56,lpudmm0=,Femme
57,lpudmWU=,Homme
58,lpudm2c=,Femme
59,lpudm2o=,Femme
60,lpudm2k=,Femme
61,lpudm2w=,Femme
62,lpudnGY=,Femme
63,lpudmms=,Femme
64,lpudnGg=,Femme
65,lpuek2Q=,Femme
66,lpudnGs=,Femme
67,lpudm20=,Inconnu
68,lpuek2Y=,Femme
69,lpuek2U=,Femme
70,lpuek2g=,Femme
71,lpuek2k=,Femme
72,lZ6XnGc=,Homme
73,lpuek20=,Femme
74,lpuelGQ=,Femme
75,lpuelGU=,Femme
76,lpuelGs=,Femme
77,lpuelGk=,Femme
78,lpuelWQ=,Homme
79,lpuelWg=,Femme
80,lpuelWY=,Femme
81,lpuelGg=,Femme
82,lpuelWo=,Femme
83,lpuelWs=,Femme
84,lpuelmQ=,Femme
85,lpuelmU=,Femme
86,lpuelmc=,Femme
87,lpuelmk=,Femme
88,lpuelmY=,Homme
89,lpuelmo=,Femme
90,lpuelms=,Homme
91,lpuel2Y=,Femme
92,lpuel2c=,Femme
93,lpuel2g=,Femme
94,lpuelWU=,Femme
95,lpucnGw=,Homme
96,lpuel2s=,Homme
97,m56WlA==,Homme
98,lpuemGY=,Femme
99,lpuemGk=,Homme
100,lpuemGs=,Femme
101,lpuemG0=,Homme
102,lpuemWU=,Homme
103,lpuemWY=,Homme
104,lpuemWk=,Femme
105,lpuemWo=,Femme
106,lpuemmU=,Femme
107,lpuemmc=,Femme
108,lpuemmk=,Femme
109,lpuemmo=,Femme
110,lpuemmw=,Femme
111,lpuem2Q=,Femme
112,lpuem2U=,Femme
113,lpuemmQ=,Femme
114,lpuem2Y=,Femme
115,lpuem2g=,Femme
116,lpuem2c=,Homme
117,lpuem2o=,Homme
118,lpuem2s=,Femme
119,lpuenGU=,Homme
120,lpuenGc=,Inconnu
121,lpuenGo=,Femme
122,lpuenG0=,Femme
123,lpuenGs=,Femme
124,lpyVk2Q=,Homme
125,lpyVk2k=,Femme
126,lpyVk2Y=,Homme
127,lpyVk2c=,Femme
128,lpyVlGc=,Femme
129,lpyVlGo=,Femme
130,lpyVlGw=,Femme
131,lpyVlG0=,Femme
132,lpubm2w=,Femme
133,lpyVlmg=,Femme
134,lpyVlmk=,Femme
135,lpyVlmU=,Femme
136,lpyVlms=,Femme
137,lpyVlm0=,Femme
138,lpyVl2U=,Femme
139,lpyVl2g=,Femme
140,lpyVl20=,Femme
141,lpyVl2w=,Femme
142,lpyVmGQ=,Femme
143,lpyVmGg=,Femme
144,lpyVmGs=,Femme
145,lpyVmGk=,Homme
146,lpyVmGw=,Femme
147,lpyVmWY=,Homme
148,lpyVm2U=,Femme
149,lpyVk2g=,Inconnu
150,lpyVm2o=,Homme
151,lpyVmGo=,Femme
152,lpyVmmk=,Inconnu
153,lpyVnGY=,Femme
154,lpyVnGc=,Femme
155,lpyVnGk=,Femme
156,lpyVnGs=,Femme
157,lpyVnGg=,Homme
158,lpyVnGw=,Femme
159,lpyWk2o=,Femme
160,lpyWk2Y=,Femme
161,lpyWk2s=,Femme
162,lpyWlGc=,Femme
163,lpyWlGY=,Femme
164,lpyWlGo=,Homme
165,lpyWlG0=,Femme
166,lpyVmW0=,Femme
167,lpyWlWU=,Femme
168,lpyWlWc=,Femme
169,lpyWlWk=,Inconnu
170,lpyWlWs=,Femme
171,lpyWlmc=,Femme
172,lpyWlmU=,Inconnu
173,lpyWlmk=,Femme
174,lpyWlmw=,Homme
175,lpyWl2U=,Femme
176,lpyWl2c=,Femme
177,lpyWmGU=,Homme
178,lpyWmGY=,Inconnu
179,lpyWmGc=,Femme
180,lpyWmGg=,Femme
181,lpyWmGo=,Femme
182,lpuelGo=,Homme
183,lpyWmWU=,Femme
184,lpyWmWs=,Homme
185,lpyWmWo=,Homme
186,lpyWmG0=,Femme
187,lpyWlmY=,Femme
188,lpyWmmc=,Femme
189,lpyWmmQ=,Femme
190,lpWdlmQ=,Femme
191,lpyWm2g=,Femme
192,lpyWm20=,Femme
193,lpyWnGc=,Femme
194,lpyWnGg=,Femme
195,lpyWl2w=,Femme
196,lpyXk2c=,Femme
197,lpuelm0=,Femme
198,lpyWnGs=,Homme
199,lpucl2g=,Homme
200,lpyXk2k=,Femme
201,lpyXlWY=,Femme
202,lpyXlWg=,Homme
203,lpyWmmw=,Femme
204,lpyXlmY=,Femme
205,lpyXlmc=,Homme
206,lpyXlWw=,Femme
207,lpyXlmg=,Femme
208,lpyXlm0=,Homme
209,lpyXlmo=,Femme
210,lpyXl2s=,Femme
211,lpyXmGw=,Femme
212,lpyXmGk=,Femme
213,lpyXmGs=,Homme
214,lpyXmGQ=,Homme
215,lpyXmWo=,Femme
216,lpyXmWU=,Femme
217,lpyXmWs=,Femme
218,lpyXmmU=,Femme
219,lpyXmmo=,Inconnu
220,lpyXmmw=,Femme
221,lpyXm2Y=,Femme
222,lpyXm2k=,Femme
223,lpyXm2Q=,Femme
224,lpyXnGQ=,Femme
225,lpyXnGU=,Homme
226,lpyXnGo=,Femme
227,lpyYk2Q=,Femme
228,lpyYk2c=,Femme
229,lpyYk2k=,Inconnu
230,lpyYk20=,Homme
231,lpyXmWY=,Homme
232,lpyYlGc=,Femme
233,lpyYlGg=,Femme
234,lpyYlGs=,Femme
235,lpyYlGk=,Femme
236,lpyYlWY=,Inconnu
237,lpyVk2w=,Femme
238,lpyYlWQ=,Femme
239,lpyYlWg=,Femme
240,lpyYlWw=,Femme
241,lpyYlmQ=,Femme
242,lpyYlmk=,Femme
243,lpyYlmw=,Femme
244,lpyYlm0=,Femme
245,lpyYl2Y=,Homme
246,lpyYl2c=,Homme
247,lpyYl2g=,Femme
248,lpyYmGQ=,Homme
249,lpyYl2k=,Femme
250,lpyYmGY=,Femme
251,lpyYmGc=,Femme
252,lpyYmGg=,Femme
253,lpyYmWU=,Femme
254,lpyYmWQ=,Femme
255,lpyYmWc=,Femme
256,lpyYmWg=,Femme
257,lpyYmGU=,Femme
258,lpyYmWs=,Inconnu
259,lpyYmm0=,Femme
260,lpyYmGw=,Femme
261,lpyYm2o=,Femme
262,lpyYm2s=,Femme
263,lpyYm2c=,Femme
264,lpyZk2U=,Femme
265,lpyZlGc=,Femme
266,lpyYmmc=,Femme
267,lpyZlWQ=,Femme
268,lpyZlGs=,Inconnu
269,lpyZlG0=,Femme
270,lpyZlWU=,Femme
271,lpyZlWY=,Femme
272,lpyZlWc=,Inconnu
273,lpyZlWw=,Femme
274,lpyZlW0=,Femme
275,lpyZlWs=,Homme
276,lpyXmmQ=,Femme
277,lpyZlmU=,Femme
278,lpyZlmY=,Homme
279,lpyZlmg=,Femme
280,lpyZlm0=,Femme
281,lpyZl2Q=,Homme
282,lpyZlmo=,Femme
283,lpyZl2U=,Homme
284,lpyZl2g=,Femme
285,lpyZl2Y=,Homme
286,lpyZmGU=,Femme
287,lJeWmGU=,Homme
288,lpeWnGY=,Homme
289,lpyZmGQ=,Femme
290,lpyZmGk=,Inconnu
291,lpyZmGw=,Femme
292,lpyZmWU=,Femme
293,lpyZmWc=,Femme
294,lpyZmWs=,Femme
295,lpyZmW0=,Femme
296,lpyZmmo=,Femme
297,lpyZnGY=,Femme
298,lpyZm2k=,Femme
299,lpyZnGc=,Femme
300,lpyZnGs=,Femme
301,lpyak2Q=,Femme
302,lpyak2o=,Femme
303,lpyak2k=,Femme
304,lpyalGY=,Homme
305,lpyalGc=,Homme
306,lpyalGg=,Femme
307,lpyZnGQ=,Homme
308,lpyalGo=,Femme
309,lpyalG0=,Femme
310,lpyalWc=,Homme
311,lpyalWg=,Homme
312,lpyalWo=,Femme
313,lpyalWw=,Femme
314,lpyalmU=,Femme
315,lpyalmk=,Femme
316,lpyalmg=,Femme
317,lpyalmw=,Femme
318,lpyalms=,Femme
319,lpyalm0=,Femme
320,lpyal2s=,Homme
321,lpyal20=,Femme
322,lpyamGU=,Femme
323,lpyamGo=,Femme
324,lpyamGg=,Femme
325,lpyZlGg=,Femme
326,lpyamWU=,Femme
327,lpyamWc=,Femme
328,lpyZm2Q=,Femme
329,lpyamWw=,Femme
330,lpyammc=,Femme
331,lpyammw=,Femme
332,lpyamWo=,Femme
333,lpyamms=,Homme
334,lpyam2Q=,Femme
335,lpyam2k=,Femme
336,lpyam2o=,Femme
337,lpyam2c=,Femme
338,lpyam2s=,Femme
339,lpyam20=,Femme
340,lpyamm0=,Femme
341,lpyam2w=,Femme
342,lpyanGs=,Femme
343,lpybk2Q=,Femme
344,lpybk2o=,Homme
345,lpybk2c=,Inconnu
346,lpybk20=,Homme
347,lpyblGQ=,Femme
348,lpyblWc=,Femme
349,lpyblWo=,Femme
350,lpyblmk=,Femme
351,lpyblW0=,Femme
352,lpyblm0=,Inconnu
353,lpyblGc=,Femme
354,lpybl2Y=,Femme
355,lpybl2U=,Femme
356,lpybl2c=,Femme
357,lpybl2g=,Femme
358,lpybl2k=,Femme
359,lpybl2s=,Femme
360,lpybmGQ=,Femme
361,lpybl20=,Femme
362,lpybmGU=,Femme
363,lpybl2w=,Femme
364,lpybmGc=,Femme
365,lpybmWc=,Femme
366,lpybmWg=,Femme
367,lpybmWw=,Femme
368,lpybmmY=,Femme
369,lpybmW0=,Femme
370,lpybmmo=,Inconnu
371,lpybmWY=,Femme
372,lpybmmw=,Femme
373,lpybm2Q=,Homme
374,lpybm2w=,Femme
375,lpybnGU=,Femme
376,lpybnGc=,Homme
377,lpybnGs=,Inconnu
378,lpyck2Q=,Femme
379,lpyam2U=,Femme
380,lpyck2Y=,Femme
381,lpyck2g=,Femme
382,lpyck2s=,Inconnu
383,lpyck2w=,Homme
384,lpyclGY=,Inconnu
385,lpyck20=,Inconnu
386,lpyclGw=,Femme
387,lpyclWQ=,Femme
388,lpyclWU=,Femme
389,lpyclWg=,Femme
390,lpyclWs=,Femme
391,lpyclWw=,Inconnu
392,lpyclmU=,Femme
393,lpyclmY=,Femme
394,lpyclWo=,Homme
395,lpyclmg=,Femme
396,lpyclmo=,Homme
397,lpyclms=,Femme
398,lpyclm0=,Homme
399,lpycl2Q=,Femme
400,lpycl2c=,Femme
401,lpycl2g=,Femme
402,lpycl2k=,Femme
403,lpybmm0=,Femme
404,lpyVmGY=,Femme
405,lpycmGU=,Homme
406,lpyclmw=,Homme
407,lpycmGk=,Femme
408,lpycmGo=,Femme
409,lpyalGw=,Femme
410,lpycmGw=,Femme
411,lpycmWQ=,Homme
412,lpycmWY=,Femme
413,lpycmWs=,Femme
414,lpycmWw=,Femme
415,lpycmW0=,Femme
416,lpubmms=,Femme
417,lpycmmY=,Femme
418,lpycmmo=,Femme
419,lpycm2U=,Femme
420,lpycmmg=,Femme
421,lpycm2Y=,Femme
422,lpycm2g=,Femme
423,lpycm2k=,Homme
424,lpycm2s=,Femme
425,lpycm2o=,Femme
426,lpycm20=,Inconnu
427,lpycnGg=,Femme
428,lpycnGo=,Femme
429,lpycnG0=,Inconnu
430,lpydk2Q=,Femme
431,lpydk2c=,Femme
432,lpWcm2g=,Homme
433,lpydk2g=,Homme
434,lpydk2w=,Femme
435,lpydlGU=,Homme
436,lpydlGY=,Homme
437,lpydlGc=,Femme
438,lpydlGg=,Femme
439,lpycnGw=,Femme
440,lpybm2U=,Homme
441,lpydlGo=,Femme
442,lpydlGw=,Homme
443,lpydlWQ=,Femme
444,lpydlWU=,Femme
445,lpydlWg=,Femme
446,lpydlmU=,Homme
447,lpydlmk=,Femme
448,lpydlms=,Femme
449,lpydlGQ=,Femme
450,lpydl2Q=,Homme
451,lpydl2U=,Femme
452,lpydl2Y=,Femme
453,lpydl2k=,Femme
454,lpydmGQ=,Femme
455,lpydmGo=,Femme
456,lpydmGs=,Femme
457,lpydl2s=,Femme
458,lpydmWQ=,Inconnu
459,m5eXmg==,Homme
460,lpydmWk=,Homme
461,lpydmWg=,Femme
462,lpydmWo=,Homme
463,lpydmWs=,Femme
464,lpydmmU=,Femme
465,lpydmmc=,Femme
466,lpydmms=,Homme
467,lpydmmw=,Femme
468,lpydm2Q=,Homme
469,lpydm2U=,Femme
470,lpydlWc=,Femme
471,lpydm2Y=,Homme
472,lpydm2c=,Homme
473,lpydm2s=,Femme
474,lpydm20=,Homme
475,lpydnGU=,Femme
476,lpydnGY=,Homme
477,lpydnGg=,Femme
478,lpydm2w=,Inconnu
479,lpydnGo=,Femme
480,lpydnGw=,Femme
481,lpydlWo=,Inconnu
482,lpyek2c=,Femme
483,lpydnGk=,Homme
484,lpyXlWs=,Homme
485,lpyelGU=,Femme
486,lpyelGs=,Homme
487,lpyelWQ=,Femme
488,lpyelWk=,Femme
489,lpyelWw=,Femme
490,lpyelmc=,Femme
491,lpyelmo=,Femme
492,lpyel2U=,Homme
493,lpyelm0=,Femme
494,lpyelmg=,Femme
495,lpydmG0=,Femme
496,lpyel2k=,Femme
497,lpyel2g=,Femme
498,lpyel2w=,Femme
499,lpyel2s=,Femme
500,lpyel2o=,Femme
501,lpyemGU=,Femme
502,lpyemGk=,Femme
503,lpyemGs=,Femme
504,lpyemGo=,Homme
505,lpyemWU=,Femme
506,lpyemWQ=,Femme
507,lpyemWc=,Femme
508,lpyemWg=,Femme
509,lpyemmU=,Femme
510,lpyemmk=,Femme
511,lpyemms=,Femme
512,lpyemWw=,Femme
513,lp2Vk2Y=,Femme
514,lp2Vk2k=,Femme
515,lp2Vk2c=,Inconnu
516,lp2Vk2g=,Femme
517,lp2Vk2o=,Homme
518,lpydl2w=,Femme
519,lp2VlGQ=,Femme
520,lp2VlGY=,Femme
521,lp2VlGk=,Femme
522,lp2VlGw=,Femme
523,lp2VlGg=,Femme
524,lp2VlWQ=,Inconnu
525,lp2VlWY=,Femme
526,lp2VlWg=,Femme
527,lp2VlWc=,Inconnu
528,lp2VlWk=,Femme
529,lp2VlWo=,Femme
530,lp2VlWs=,Femme
531,lp2VlWw=,Homme
532,lp2VlmQ=,Femme
533,lp2VlmY=,Femme
534,lp2Vlmc=,Inconnu
535,lp2Vlmg=,Homme
536,lp2Vlmo=,Femme
537,lp2Vlms=,Homme
538,lp2Vl2o=,Femme
539,lp2Vl2s=,Femme
540,lp2Vl20=,Femme
541,lp2VmGQ=,Homme
542,lp2VmGY=,Femme
543,lp2VmGk=,Femme
544,lp2VmGo=,Femme
545,lp2VmWQ=,Femme
546,lp2VmWo=,Femme
547,lp2VmmY=,Femme
548,lpudmGk=,Femme
549,lpybk2U=,Femme
550,lp2Vm2g=,Homme
551,lp2Vmm0=,Femme
552,lp2VnGQ=,Femme
553,lp2Vm20=,Femme
554,lp2VnGk=,Femme
555,lp2VmWk=,Femme
556,lp2VnGw=,Femme
557,lp2VnG0=,Femme
558,lp2Wk2Q=,Femme
559,lp2VnGc=,Femme
560,lp2Wk2k=,Homme
561,lp2Wk20=,Femme
562,lp2WlGQ=,Inconnu
563,lp2WlGU=,Homme
564,lp2WlGg=,Femme
565,lp2WlGY=,Femme
566,lpyXmWg=,Femme
567,lp2WlGs=,Femme
568,lp2WlWU=,Homme
569,lp2WlGo=,Femme
570,lp2WlGw=,Femme
571,lp2WlWY=,Femme
572,lp2WlWo=,Femme
573,lp2WlW0=,Homme
574,lp2WlmY=,Femme
575,lp2Wlmg=,Homme
576,lp2Wl2U=,Femme
577,lp2Wl2g=,Homme
578,lpienGg=,Femme
579,lp2Wl2c=,Homme
580,lp2Wl2k=,Femme
581,lp2WmGQ=,Femme
582,lp2Wl2w=,Femme
583,lp2Wl20=,Homme
584,lp2WmGo=,Femme
585,k5idlGY=,Femme
586,lp2WmGk=,Femme
587,lp2WmG0=,Homme
588,lp2WmWY=,Femme
589,lp2WmWk=,Homme
590,lp2WmmY=,Femme
591,lp2Wmmk=,Femme
592,lp2Wmm0=,Femme
593,lp2Wm2U=,Femme
594,lp2WlWw=,Inconnu
595,lp2Wm2o=,Femme
596,lp2WnGQ=,Femme
597,lp2WnGU=,Femme
598,lp2WnGg=,Homme
599,lp2WnGo=,Femme
600,lp2WnGw=,Femme
601,lp2WnG0=,Femme
602,k52Xm2c=,Femme
603,lp2Xk2g=,Homme
604,lp2Xk2k=,Femme
605,lp2Xk2s=,Femme
606,lp2Xk20=,Inconnu
607,lp2XlGQ=,Femme
608,lp2XlGc=,Femme
609,lp2XlGY=,Homme
610,lp2XlGk=,Femme
611,lp2XlGs=,Inconnu
612,lp2XlGo=,Femme
613,lp2XlWY=,Homme
614,lp2XlWg=,Femme
615,lp2XlWo=,Homme
616,lp2XlWs=,Femme
617,lp2XlWw=,Femme
618,lp2XlW0=,Femme
619,lp2XlmU=,Homme
620,lp2Xlmk=,Homme
621,lp2Xlm0=,Femme
622,lp2Xlmo=,Homme
623,lp2Xl2Q=,Femme
624,lp2Xl20=,Femme
625,lp2XmGU=,Homme
626,lp2Xl2s=,Femme
627,lp2XmGs=,Femme
628,lp2XmGw=,Femme
629,lp2XmWU=,Femme
630,lp2XmWY=,Homme
631,lp2XmWQ=,Femme
632,lp2XmWo=,Femme
633,lp2XmWg=,Femme
634,lp2WmGY=,Homme
635,lp2XmmY=,Inconnu
636,lp2Xmmg=,Inconnu
637,lp2Xmms=,Femme
638,lp2Xmm0=,Femme
639,lp2Xm2s=,Femme
640,lp2Xm2o=,Femme
641,lp2Xm2w=,Femme
642,lp2Wmmw=,Homme
643,lpyamWQ=,Homme
644,lp2Xm20=,Femme
645,lp2XnGc=,Femme
646,lp2XnGk=,Femme
647,lp2XnGo=,Femme
648,lp2XnGU=,Femme
649,lp2XnGw=,Femme
650,lp2Yk2g=,Homme
651,lp2XnG0=,Femme
652,lp2YlGQ=,Femme
653,lp2YlGc=,Femme
654,lp2YlGk=,Femme
655,lp2YlGg=,Femme
656,lp2YlGw=,Homme
657,lp2YlG0=,Femme
658,lp2YlWc=,Femme
659,lp2YlWY=,Femme
660,lp2YlmQ=,Homme
661,lp2YlmY=,Femme
662,lp2YlWs=,Femme
663,lp2Ylms=,Homme
664,lp2Ylm0=,Femme
665,lp2Yl2Q=,Femme
666,lp2Yl2U=,Femme
667,lp2Yl2c=,Homme
668,lp2Ylmw=,Inconnu
669,lp2Yl20=,Homme
670,lp2YmGY=,Inconnu
671,lp2YmGg=,Femme
672,lp2YmGo=,Femme
673,lp2YmG0=,Femme
674,lp2YmWQ=,Femme
675,lp2YmWc=,Femme
676,lp2YmWw=,Femme
677,lp2Ymm0=,Femme
678,lp2Ym2Q=,Femme
679,lp2Ym2U=,Homme
680,lp2Ym2o=,Femme
681,lp2Ym2w=,Femme
682,lp2YnGQ=,Femme
683,lp2Zk2Q=,Femme
684,lp2Zk2U=,Femme
685,lp2Zk2c=,Femme
686,lp2Zk2Y=,Femme
687,lp2ZlGU=,Femme
688,lp2Zk2k=,Femme
689,lp2ZlGY=,Femme
690,lZyak2U=,Femme
691,lp2ZlGg=,Femme
692,lp2ZlG0=,Femme
693,lp2ZlWQ=,Femme
694,lp2ZlWs=,Femme
695,lp2ZlWw=,Femme
696,lp2ZlW0=,Homme
697,lp2Zlmc=,Femme
698,lp2ZlmU=,Femme
699,lp2ZlWo=,Femme
700,lp2Zlmk=,Femme
701,lp2Zlmg=,Femme
702,lp2Zl2c=,Femme
703,lp2Zl2g=,Femme
704,lp2Zl2w=,Femme
705,lp2Zl20=,Femme
706,lp2ZmGQ=,Homme
707,lp2ZmGg=,Femme
708,lp2ZmGc=,Femme
709,lp2ZmGw=,Femme
710,lp2ZmWs=,Femme
711,lp2Zm2c=,Homme
712,lp2Zm2o=,Femme
713,lp2Zm2s=,Femme
714,lp2ZnGY=,Femme
715,lp2ZnGU=,Femme
716,lp2ZnGk=,Homme
717,lp2ak2Q=,Femme
718,lp2Zm2g=,Femme
719,lp2ak2k=,Inconnu
720,lp2ak2c=,Femme
721,lp2ak2g=,Homme
722,lp2ak2o=,Femme
723,lpydlWY=,Femme
724,lp2ak2s=,Inconnu
725,lp2alGQ=,Femme
726,lp2alGk=,Homme
727,lp2alGg=,Femme
728,lp2alGo=,Homme
729,lp2alGs=,Femme
730,lp2alWQ=,Femme
731,lp2alWU=,Femme
732,lp2alWY=,Femme
733,lp2alWo=,Homme
734,lpWYmGg=,Homme
735,lp2alWs=,Femme
736,lp2almQ=,Homme
737,lp2almk=,Femme
738,lp2alms=,Homme
739,lp2almw=,Femme
740,lp2al2Y=,Femme
741,lp2al2c=,Femme
742,lp2al2U=,Femme
743,lp2al2s=,Homme
744,lp2al2k=,Femme
745,lp2al2w=,Femme
746,lp2amGg=,Homme
747,lp2al2o=,Femme
748,lp2amGc=,Homme
749,lp2ZnGQ=,Homme
750,lp2amGU=,Femme
751,lp2amGo=,Femme
752,lp2amGQ=,Femme
753,lp2amWU=,Femme
754,lp2amWY=,Homme
755,lp2ammQ=,Femme
756,lp2ammY=,Inconnu
757,lp2Zk2o=,Femme
758,lp2ammU=,Homme
759,lp2ammw=,Femme
760,lp2ammo=,Homme
761,lp2am2U=,Femme
762,lp2amm0=,Femme
763,lp2anGo=,Homme
764,lp2anGk=,Femme
765,lp2ammk=,Femme
766,lp2amms=,Femme
767,lp2al2g=,Femme
768,lp2am2Y=,Femme
769,lp2ammg=,Femme
770,lp2anGw=,Femme
771,lp2bk2Q=,Femme
772,lp2bk2c=,Femme
773,lp2bk2o=,Homme
774,lp2bk2Y=,Femme
775,lp2blGs=,Homme
776,lp2blG0=,Femme
777,lp2blGo=,Homme
778,lp2blGU=,Femme
779,lp2bk2w=,Femme
780,lp2blWQ=,Femme
781,lp2blGk=,Femme
782,lp2blWg=,Femme
783,lp2bk20=,Femme
784,lp2blWY=,Femme
785,lp2blWo=,Femme
786,k5U=,Inconnu
787,lp2blGg=,Femme
788,lp2blGw=,Femme
789,lp2blW0=,Femme
790,lpublGs=,Femme
791,lp2bl2Y=,Femme
792,lp2bl2k=,Inconnu
793,lp2bl20=,Femme
794,lp2bmGs=,Femme
795,lp2bmWU=,Homme
796,lp2bmWc=,Homme
797,lp2bmWg=,Femme
798,lp2bmWo=,Homme
799,lp2bmmU=,Femme
800,lp2bmmY=,Femme
801,lp2bmmc=,Femme
802,lp2bmms=,Homme
803,lp2bm2Q=,Femme
804,lpqYm2g=,Femme
805,lp2bm2Y=,Homme
806,lp2bm2c=,Homme
807,lp2bm2g=,Femme
808,lp2bm2k=,Femme
809,lpycnGY=,Homme
810,lp2bm2o=,Femme
811,lp2YlWw=,Femme
812,lp2bnGQ=,Homme
813,lp2bnGg=,Femme
814,lp2bnGc=,Femme
815,lp2bnGo=,Femme
816,lp2alWk=,Femme
817,lp2ck2Q=,Femme
818,lp2ck2k=,Femme
819,mpiblg==,Femme
820,lp2clGk=,Femme
821,lp2clGg=,Femme
822,lp2clGo=,Femme
823,lpaWlWQ=,Femme
824,lp2anGQ=,Femme
825,lp2clGw=,Homme
826,lp2XlGg=,Femme
827,lp2clWU=,Femme
828,lp2clWc=,Homme
829,lp2clWk=,Homme
830,lp2clWo=,Femme
831,lp2clmQ=,Femme
832,lp2clW0=,Homme
833,lp2clmY=,Femme
834,lp2clmc=,Femme
835,lp2clmo=,Femme
836,lp2clmk=,Femme
837,lp2cl2Q=,Homme
838,lp2cl2g=,Femme
839,lpyYlGU=,Femme
840,lp2cmGg=,Femme
841,lp2cmWY=,Femme
842,lp2cmWk=,Femme
843,lp2cmWs=,Femme
844,lp2cmmQ=,Femme
845,lp2cmmU=,Homme
846,lp2cmmg=,Homme
847,lp2cmmo=,Femme
848,lp2cmmw=,Homme
849,lp2cm2Y=,Femme
850,lp2cm2g=,Femme
851,lp2cm2c=,Femme
852,lp2cm2o=,Femme
853,lp2cm2w=,Femme
854,lp2cnGQ=,Femme
855,lp2cm20=,Femme
856,lp2cnGU=,Femme
857,lp2cnGg=,Femme
858,lp2dk2c=,Femme
859,lp2cnGs=,Femme
860,lp2dlGU=,Homme
861,lp2cnGk=,Femme
862,lp2dlGo=,Femme
863,lp2anGg=,Femme
864,lp2dlWg=,Homme
865,lp2dlWo=,Homme
866,lpaXlWw=,Femme
867,lp2dlmQ=,Femme
868,lp2dlWw=,Homme
869,lp2dlmg=,Homme
870,lp2dlmk=,Femme
871,lp2dl2c=,Femme
872,lp2dl2g=,Femme
873,lp2dl2Y=,Femme
874,lp2dl2w=,Femme
875,lp2dmGg=,Femme
876,lp2dmGw=,Femme
877,lp2dmG0=,Femme
878,lp2dmWY=,Femme
879,lp2dmWc=,Femme
880,lp2dmW0=,Femme
881,lp2dmmc=,Femme
882,lp2dmmo=,Femme
883,lp2dmmg=,Femme
884,lp2dlWc=,Homme
885,lp2cmWc=,Femme
886,lp2dmmY=,Femme
887,lp2dmm0=,Homme
888,lZqemGk=,Homme
889,lp2dmmw=,Femme
890,lp2dm2Q=,Femme
891,lp2dmWU=,Femme
892,lp2dm2U=,Femme
893,lp2dm2g=,Femme
894,lp2dm2k=,Femme
895,lp2dm2s=,Femme
896,lp2dm20=,Femme
897,lp2dnGU=,Femme
898,lp2dnGY=,Homme
899,lp2dnGc=,Femme
900,lp2dlWY=,Homme
901,lp2dnGg=,Homme
